,A01,A02,A03,B05,B06,B07,B08,B09,C10T12,C13T15,C16,C17_18,C19,C20,C21,C22,C23,C24A,C24B,C25,C26,C27,C28,C29,C301,C302T309,C31T33,D,E,F,G,H49,H50,H51,H52,H53,I,J58T60,J61,J62_63,K,L,M,N,O,P,Q,R,S
AGO,ESP,ESP,ESP,CHN,CHN,CHN,NLD,CHN,ESP,CHN,CHN,CHN,CHN,CHN,CHN,CHN,CHN,CHN,CHN,CHN,CHN,CHN,CHN,CHN,CHN,CHN,CHN,CHN,CHN,CHN,CHN,CHN,CHN,CHN,CHN,CHN,CHN,CHN,CHN,CHN,CHN,CHN,CHN,CHN,CHN,CHN,CHN,CHN,CHN
ARE,NLD,NLD,NLD,NLD,JPN,NLD,NLD,NLD,NLD,NLD,NLD,NLD,NLD,NLD,NLD,NLD,NLD,NLD,NLD,NLD,NLD,NLD,NLD,NLD,NLD,NLD,NLD,NLD,NLD,NLD,NLD,NLD,NLD,NLD,NLD,NLD,NLD,NLD,NLD,NLD,NLD,NLD,NLD,NLD,NLD,NLD,NLD,NLD,NLD
ARG,ARG,ARG,ARG,ARG,ARG,ARG,ARG,ARG,ARG,ARG,ARG,ARG,ARG,ARG,ARG,ARG,ARG,ARG,ARG,ARG,ARG,ARG,ARG,ARG,ARG,ARG,ARG,ARG,ARG,ARG,ARG,ARG,ARG,ARG,ARG,ARG,ARG,ARG,ARG,ARG,ARG,ARG,ARG,ARG,ARG,ARG,ARG,ARG,ARG
AUS,AUS,AUS,AUS,AUS,AUS,AUS,AUS,AUS,AUS,AUS,AUS,AUS,AUS,AUS,AUS,AUS,AUS,AUS,AUS,AUS,AUS,AUS,AUS,AUS,AUS,AUS,AUS,AUS,AUS,AUS,AUS,AUS,AUS,AUS,AUS,AUS,AUS,AUS,AUS,AUS,AUS,AUS,AUS,AUS,AUS,AUS,AUS,AUS,AUS
AUT,DEU,DEU,DEU,DEU,DEU,DEU,DEU,DEU,DEU,DEU,DEU,DEU,DEU,DEU,DEU,DEU,DEU,DEU,DEU,DEU,DEU,DEU,DEU,DEU,DEU,DEU,DEU,DEU,DEU,DEU,DEU,DEU,DEU,DEU,DEU,DEU,DEU,DEU,DEU,DEU,DEU,DEU,DEU,DEU,DEU,DEU,DEU,DEU,DEU
BEL,NLD,NLD,NLD,,,,NLD,NLD,NLD,NLD,NLD,NLD,NLD,NLD,NLD,NLD,NLD,NLD,NLD,NLD,NLD,NLD,NLD,NLD,NLD,NLD,NLD,NLD,NLD,NLD,NLD,NLD,NLD,NLD,NLD,NLD,NLD,NLD,NLD,NLD,NLD,NLD,NLD,NLD,NLD,NLD,NLD,NLD,NLD
BGD,BGD,BGD,BGD,BGD,BGD,BGD,BGD,BGD,BGD,BGD,BGD,BGD,BGD,BGD,BGD,BGD,BGD,BGD,BGD,BGD,BGD,BGD,BGD,BGD,BGD,BGD,BGD,BGD,BGD,BGD,BGD,BGD,BGD,BGD,BGD,BGD,BGD,BGD,BGD,BGD,BGD,BGD,BGD,BGD,BGD,BGD,BGD,BGD,BGD
BGR,POL,POL,POL,POL,POL,POL,POL,POL,POL,POL,POL,POL,POL,POL,POL,POL,POL,POL,POL,POL,POL,POL,POL,POL,POL,POL,POL,POL,POL,POL,POL,POL,POL,POL,POL,POL,POL,POL,POL,POL,POL,POL,POL,POL,POL,POL,POL,POL,POL
BLR,POL,POL,POL,POL,POL,POL,POL,POL,POL,POL,POL,POL,POL,POL,POL,POL,POL,POL,POL,POL,POL,POL,POL,POL,POL,POL,POL,POL,POL,POL,POL,POL,POL,POL,POL,POL,POL,POL,POL,POL,POL,POL,POL,POL,POL,POL,POL,POL,POL
BRA,BRA,BRA,BRA,BRA,BRA,BRA,BRA,BRA,BRA,BRA,BRA,BRA,BRA,BRA,BRA,BRA,BRA,BRA,BRA,BRA,BRA,BRA,BRA,BRA,BRA,BRA,BRA,BRA,BRA,BRA,BRA,BRA,BRA,BRA,BRA,BRA,BRA,BRA,BRA,BRA,BRA,BRA,BRA,BRA,BRA,BRA,BRA,BRA,BRA
BRN,BRN,BRN,BRN,BRN,JPN,BRN,BRN,BRN,BRN,BRN,BRN,BRN,BRN,BRN,BRN,BRN,BRN,BRN,BRN,BRN,BRN,BRN,BRN,,BRN,BRN,BRN,BRN,BRN,BRN,BRN,BRN,BRN,BRN,BRN,HKG,BRN,BRN,BRN,BRN,BRN,BRN,BRN,BRN,BRN,BRN,BRN,BRN,BRN
CAN,CAN,CAN,CAN,CAN,USA,CAN,CAN,CAN,CAN,CAN,CAN,CAN,CAN,CAN,CAN,CAN,CAN,CAN,USA,CAN,CAN,CAN,CAN,CAN,CAN,CAN,CAN,CAN,CAN,CAN,CAN,CAN,CAN,CAN,CAN,CAN,CAN,CAN,CAN,CAN,CAN,CAN,CAN,CAN,CAN,CAN,CAN,CAN,CAN
CHE,CHE,CHE,CHE,,,CHE,CHE,CHE,CHE,CHE,CHE,CHE,CHE,CHE,CHE,CHE,CHE,CHE,CHE,CHE,CHE,CHE,CHE,CHE,CHE,CHE,CHE,CHE,CHE,CHE,CHE,CHE,CHE,CHE,CHE,CHE,CHE,CHE,CHE,CHE,CHE,CHE,CHE,CHE,CHE,CHE,CHE,CHE,CHE
CHL,ARG,ARG,ARG,ARG,ARG,ARG,ARG,ARG,ARG,ARG,ARG,ARG,ARG,ARG,ARG,ARG,ARG,ARG,ARG,ARG,ARG,ARG,ARG,ARG,ARG,ARG,ARG,ARG,ARG,ARG,ARG,ARG,ARG,ARG,ARG,ARG,ARG,ARG,ARG,ARG,ARG,ARG,ARG,ARG,ARG,ARG,ARG,ARG,ARG
CHN,CHN,CHN,CHN,CHN,CHN,CHN,CHN,CHN,CHN,CHN,CHN,CHN,CHN,CHN,CHN,CHN,CHN,CHN,CHN,CHN,CHN,CHN,CHN,CHN,CHN,CHN,CHN,CHN,CHN,CHN,CHN,CHN,CHN,CHN,CHN,CHN,CHN,CHN,CHN,CHN,CHN,CHN,CHN,CHN,CHN,CHN,CHN,CHN,CHN
CIV,FRA,FRA,FRA,FRA,FRA,FRA,FRA,FRA,FRA,FRA,FRA,FRA,FRA,FRA,FRA,FRA,FRA,FRA,FRA,FRA,FRA,FRA,FRA,FRA,FRA,FRA,FRA,FRA,FRA,FRA,FRA,FRA,FRA,FRA,FRA,FRA,FRA,FRA,FRA,FRA,FRA,FRA,FRA,FRA,FRA,FRA,FRA,FRA,FRA
CMR,FRA,FRA,FRA,FRA,ITA,FRA,FRA,FRA,FRA,FRA,FRA,FRA,FRA,FRA,FRA,FRA,FRA,FRA,FRA,FRA,FRA,FRA,FRA,FRA,FRA,FRA,FRA,FRA,FRA,FRA,FRA,FRA,FRA,FRA,FRA,FRA,FRA,FRA,FRA,FRA,FRA,FRA,FRA,FRA,FRA,FRA,FRA,FRA,FRA
COD,SWE,SWE,SWE,SWE,SWE,SWE,SWE,SWE,SWE,SWE,SWE,SWE,SWE,SWE,SWE,SWE,SWE,SWE,SWE,SWE,SWE,SWE,SWE,SWE,SWE,SWE,SWE,SWE,SWE,SWE,SWE,SWE,SWE,SWE,SWE,SWE,SWE,SWE,SWE,SWE,SWE,SWE,SWE,SWE,SWE,SWE,SWE,SWE,SWE
COL,COL,COL,COL,COL,COL,COL,COL,COL,COL,COL,COL,COL,COL,COL,COL,COL,COL,COL,COL,COL,COL,COL,COL,COL,COL,COL,COL,COL,COL,COL,COL,COL,COL,COL,COL,COL,COL,COL,COL,COL,COL,COL,COL,COL,COL,COL,COL,COL,COL
CRI,COL,COL,COL,COL,COL,COL,COL,COL,COL,COL,COL,COL,COL,COL,COL,COL,COL,COL,COL,COL,COL,COL,COL,COL,COL,COL,COL,COL,COL,COL,COL,COL,COL,COL,COL,COL,COL,COL,COL,COL,COL,COL,COL,COL,COL,COL,COL,COL,COL
CYP,GRC,GRC,GRC,,GRC,GRC,GRC,GRC,GRC,GRC,GRC,GRC,GRC,GRC,GRC,GRC,GRC,GRC,GRC,GRC,GRC,GRC,GRC,GRC,GRC,GRC,GRC,GRC,GRC,GRC,GRC,GRC,GRC,GRC,GRC,GRC,GRC,GRC,GRC,GRC,GRC,GRC,GRC,GRC,GRC,GRC,GRC,GRC,GRC
CZE,DEU,DEU,DEU,DEU,DEU,DEU,DEU,DEU,DEU,DEU,DEU,DEU,DEU,DEU,DEU,DEU,DEU,DEU,DEU,DEU,DEU,DEU,DEU,DEU,DEU,DEU,DEU,DEU,DEU,DEU,DEU,DEU,DEU,DEU,DEU,DEU,DEU,DEU,DEU,DEU,DEU,DEU,DEU,DEU,DEU,DEU,DEU,DEU,DEU
DEU,DEU,DEU,DEU,DEU,DEU,,DEU,DEU,DEU,DEU,DEU,DEU,DEU,DEU,DEU,DEU,DEU,DEU,DEU,DEU,DEU,DEU,DEU,DEU,DEU,DEU,DEU,DEU,DEU,DEU,DEU,DEU,DEU,DEU,DEU,DEU,DEU,DEU,DEU,DEU,DEU,DEU,DEU,DEU,DEU,DEU,DEU,DEU,DEU
DNK,SWE,SWE,SWE,,SWE,,SWE,SWE,SWE,SWE,SWE,SWE,SWE,SWE,SWE,SWE,SWE,SWE,SWE,SWE,SWE,SWE,SWE,SWE,SWE,SWE,SWE,SWE,SWE,SWE,SWE,SWE,SWE,SWE,SWE,SWE,SWE,SWE,SWE,SWE,SWE,SWE,SWE,SWE,SWE,SWE,SWE,SWE,SWE
EGY,EGY,EGY,EGY,EGY,EGY,EGY,EGY,EGY,EGY,EGY,EGY,EGY,EGY,EGY,EGY,EGY,EGY,EGY,EGY,EGY,EGY,EGY,EGY,EGY,EGY,EGY,EGY,EGY,EGY,EGY,EGY,EGY,EGY,EGY,EGY,DEU,EGY,EGY,EGY,EGY,EGY,EGY,EGY,EGY,EGY,EGY,EGY,EGY,EGY
ESP,ESP,ESP,ESP,ESP,ESP,ESP,ESP,ESP,ESP,ESP,ESP,ESP,ESP,ESP,ESP,ESP,ESP,ESP,ESP,ESP,ESP,ESP,ESP,ESP,ESP,ESP,ESP,ESP,ESP,ESP,ESP,ESP,ESP,ESP,ESP,ESP,ESP,ESP,ESP,ESP,ESP,ESP,ESP,ESP,ESP,ESP,ESP,ESP,ESP
EST,SWE,SWE,SWE,SWE,SWE,,SWE,SWE,SWE,SWE,SWE,SWE,SWE,SWE,SWE,SWE,SWE,SWE,SWE,SWE,SWE,SWE,SWE,SWE,SWE,SWE,SWE,SWE,SWE,SWE,SWE,SWE,SWE,SWE,SWE,SWE,SWE,SWE,SWE,SWE,SWE,SWE,SWE,SWE,SWE,SWE,SWE,SWE,SWE
FIN,SWE,SWE,SWE,SWE,,SWE,SWE,SWE,SWE,SWE,SWE,SWE,SWE,SWE,SWE,SWE,SWE,SWE,SWE,SWE,SWE,SWE,SWE,SWE,SWE,SWE,SWE,SWE,SWE,SWE,SWE,SWE,SWE,SWE,SWE,SWE,SWE,SWE,SWE,SWE,SWE,SWE,SWE,SWE,SWE,SWE,SWE,SWE,SWE
FRA,FRA,FRA,FRA,FRA,FRA,FRA,FRA,FRA,FRA,FRA,FRA,FRA,FRA,FRA,FRA,FRA,FRA,FRA,FRA,FRA,FRA,FRA,FRA,FRA,FRA,FRA,FRA,FRA,FRA,FRA,FRA,FRA,FRA,FRA,FRA,FRA,FRA,FRA,FRA,FRA,FRA,FRA,FRA,FRA,FRA,FRA,FRA,FRA,FRA
GBR,GBR,GBR,GBR,GBR,GBR,,GBR,GBR,GBR,GBR,GBR,GBR,GBR,GBR,GBR,GBR,GBR,GBR,GBR,GBR,GBR,GBR,GBR,GBR,GBR,GBR,GBR,GBR,GBR,GBR,GBR,GBR,GBR,GBR,GBR,GBR,GBR,GBR,GBR,GBR,GBR,GBR,GBR,GBR,GBR,GBR,GBR,GBR,GBR
GRC,GRC,GRC,GRC,GRC,GRC,GRC,GRC,GRC,GRC,GRC,GRC,GRC,GRC,GRC,GRC,GRC,GRC,GRC,GRC,GRC,GRC,GRC,GRC,GRC,GRC,GRC,GRC,GRC,GRC,GRC,GRC,GRC,GRC,GRC,GRC,GRC,GRC,GRC,GRC,GRC,GRC,GRC,GRC,GRC,GRC,GRC,GRC,GRC,GRC
HKG,HKG,HKG,HKG,,,,,HKG,HKG,HKG,HKG,HKG,HKG,HKG,HKG,HKG,HKG,HKG,HKG,HKG,HKG,HKG,HKG,HKG,HKG,HKG,HKG,HKG,HKG,HKG,HKG,HKG,HKG,HKG,HKG,HKG,HKG,HKG,HKG,HKG,HKG,HKG,HKG,HKG,HKG,HKG,HKG,HKG,HKG
HRV,HRV,HRV,HRV,HRV,HRV,HRV,HRV,HRV,HRV,HRV,HRV,HRV,HRV,HRV,HRV,HRV,HRV,HRV,HRV,HRV,HRV,HRV,HRV,HRV,HRV,HRV,HRV,HRV,HRV,HRV,HRV,HRV,HRV,HRV,HRV,HRV,HRV,HRV,HRV,HRV,HRV,HRV,HRV,HRV,HRV,HRV,HRV,HRV,HRV
HUN,DEU,DEU,DEU,DEU,DEU,DEU,DEU,DEU,DEU,DEU,DEU,DEU,DEU,DEU,DEU,DEU,DEU,DEU,DEU,DEU,DEU,DEU,DEU,DEU,DEU,DEU,DEU,DEU,DEU,DEU,DEU,DEU,DEU,DEU,DEU,DEU,DEU,DEU,DEU,DEU,DEU,DEU,DEU,DEU,DEU,DEU,DEU,DEU,DEU
IDN,TWN,TWN,TWN,TWN,TWN,TWN,TWN,TWN,TWN,TWN,TWN,TWN,TWN,TWN,TWN,TWN,TWN,TWN,TWN,TWN,TWN,TWN,TWN,TWN,TWN,TWN,TWN,TWN,TWN,TWN,TWN,TWN,TWN,TWN,TWN,TWN,TWN,TWN,TWN,TWN,TWN,TWN,TWN,TWN,TWN,TWN,TWN,TWN,TWN
IND,IND,IND,IND,IND,IND,IND,IND,IND,IND,IND,IND,IND,IND,IND,IND,IND,IND,IND,IND,IND,IND,IND,IND,IND,IND,IND,IND,IND,IND,IND,IND,IND,IND,IND,IND,IND,IND,IND,IND,IND,IND,IND,IND,IND,IND,IND,IND,IND,IND
IRL,GBR,GBR,GBR,POL,CAN,GBR,GBR,GBR,GBR,GBR,GBR,GBR,GBR,GBR,GBR,GBR,GBR,GBR,GBR,GBR,GBR,GBR,GBR,GBR,SWE,GBR,GBR,GBR,GBR,GBR,GBR,GBR,GBR,GBR,GBR,GBR,GBR,GBR,GBR,GBR,GBR,GBR,GBR,GBR,GBR,GBR,GBR,GBR,GBR
ISL,SWE,SWE,SWE,SWE,SWE,SWE,SWE,SWE,SWE,SWE,SWE,SWE,SWE,SWE,SWE,SWE,SWE,SWE,SWE,SWE,SWE,SWE,SWE,SWE,SWE,SWE,SWE,SWE,SWE,SWE,SWE,SWE,SWE,SWE,SWE,SWE,SWE,SWE,SWE,SWE,SWE,SWE,SWE,SWE,SWE,SWE,SWE,SWE,SWE
ISR,POL,POL,POL,,POL,,POL,POL,POL,POL,POL,POL,POL,POL,POL,POL,POL,POL,POL,POL,POL,POL,POL,POL,POL,POL,GBR,POL,POL,POL,POL,POL,POL,POL,POL,POL,POL,POL,POL,POL,POL,POL,POL,POL,POL,POL,POL,POL,POL
ITA,ITA,ITA,ITA,ITA,ITA,ITA,ITA,ITA,ITA,ITA,ITA,ITA,ITA,ITA,ITA,ITA,ITA,ITA,ITA,ITA,ITA,ITA,ITA,ITA,ITA,ITA,ITA,ITA,ITA,ITA,ITA,ITA,ITA,ITA,ITA,ITA,ITA,ITA,ITA,ITA,ITA,ITA,ITA,ITA,ITA,ITA,ITA,ITA,ITA
JOR,EGY,EGY,EGY,EGY,EGY,EGY,EGY,EGY,EGY,EGY,EGY,EGY,EGY,EGY,EGY,EGY,EGY,EGY,EGY,EGY,EGY,EGY,EGY,EGY,EGY,EGY,EGY,EGY,EGY,EGY,EGY,EGY,EGY,EGY,EGY,EGY,EGY,EGY,EGY,EGY,EGY,EGY,EGY,EGY,EGY,EGY,EGY,EGY,EGY
JPN,JPN,JPN,JPN,JPN,JPN,JPN,JPN,JPN,JPN,JPN,JPN,JPN,JPN,JPN,JPN,JPN,JPN,JPN,JPN,JPN,JPN,JPN,JPN,JPN,JPN,JPN,JPN,JPN,JPN,JPN,JPN,JPN,JPN,JPN,JPN,JPN,JPN,JPN,JPN,JPN,JPN,JPN,JPN,JPN,JPN,JPN,JPN,JPN,JPN
KAZ,POL,POL,POL,POL,POL,POL,POL,POL,POL,POL,POL,POL,POL,POL,POL,POL,POL,POL,POL,POL,POL,POL,POL,POL,POL,POL,POL,POL,POL,POL,POL,POL,POL,POL,POL,POL,POL,POL,POL,POL,POL,POL,POL,POL,POL,POL,POL,POL,POL
KHM,TWN,TWN,TWN,,,TWN,TWN,TWN,TWN,TWN,CHN,TWN,TWN,TWN,TWN,TWN,TWN,TWN,TWN,TWN,TWN,TWN,TWN,TWN,TWN,TWN,TWN,TWN,TWN,TWN,TWN,TWN,TWN,TWN,TWN,TWN,TWN,TWN,TWN,TWN,TWN,TWN,TWN,TWN,TWN,TWN,TWN,TWN,TWN
KOR,KOR,KOR,KOR,KOR,KOR,KOR,KOR,KOR,KOR,KOR,KOR,KOR,KOR,KOR,KOR,KOR,KOR,KOR,KOR,KOR,KOR,KOR,KOR,KOR,KOR,KOR,KOR,KOR,KOR,KOR,KOR,KOR,KOR,KOR,KOR,KOR,KOR,KOR,KOR,KOR,KOR,KOR,KOR,KOR,KOR,KOR,KOR,KOR,KOR
LAO,TWN,TWN,TWN,TWN,TWN,TWN,TWN,TWN,TWN,TWN,TWN,TWN,TWN,TWN,TWN,TWN,TWN,TWN,TWN,TWN,TWN,TWN,TWN,TWN,TWN,TWN,TWN,TWN,TWN,TWN,TWN,TWN,TWN,TWN,TWN,HKG,TWN,TWN,TWN,TWN,TWN,TWN,TWN,TWN,TWN,TWN,TWN,TWN,TWN
LTU,POL,POL,POL,POL,POL,POL,POL,POL,POL,POL,POL,POL,POL,POL,POL,POL,POL,POL,POL,POL,POL,POL,POL,POL,POL,POL,POL,POL,POL,POL,POL,POL,POL,POL,POL,POL,POL,POL,POL,POL,POL,POL,POL,POL,POL,POL,POL,POL,POL
LUX,NLD,NLD,,,,NLD,NLD,,NLD,NLD,NLD,NLD,,NLD,NLD,NLD,NLD,NLD,NLD,NLD,NLD,NLD,NLD,NLD,NLD,NLD,NLD,NLD,NLD,NLD,NLD,NLD,NLD,NLD,NLD,DEU,NLD,NLD,NLD,NLD,NLD,NLD,NLD,NLD,NLD,NLD,NLD,NLD,NLD
LVA,POL,POL,POL,POL,,POL,POL,POL,POL,POL,POL,POL,POL,POL,POL,POL,POL,POL,POL,POL,POL,POL,POL,POL,POL,POL,POL,POL,POL,POL,POL,POL,POL,POL,POL,POL,POL,POL,POL,POL,POL,POL,POL,POL,POL,POL,POL,POL,POL
MAR,FRA,FRA,FRA,FRA,FRA,FRA,FRA,FRA,FRA,FRA,FRA,FRA,FRA,FRA,FRA,FRA,FRA,FRA,FRA,FRA,FRA,FRA,FRA,FRA,FRA,FRA,FRA,FRA,FRA,FRA,FRA,FRA,FRA,FRA,FRA,FRA,FRA,FRA,FRA,FRA,FRA,FRA,FRA,FRA,FRA,FRA,FRA,FRA,FRA
MEX,MEX,MEX,MEX,MEX,MEX,MEX,MEX,MEX,MEX,MEX,MEX,MEX,MEX,MEX,MEX,MEX,MEX,MEX,MEX,MEX,MEX,MEX,MEX,MEX,MEX,MEX,MEX,MEX,MEX,MEX,MEX,MEX,MEX,MEX,MEX,MEX,MEX,MEX,MEX,MEX,MEX,MEX,MEX,MEX,MEX,MEX,MEX,MEX,MEX
MLT,MLT,,MLT,,MLT,MLT,MLT,MLT,MLT,MLT,MLT,MLT,MLT,MLT,MLT,MLT,MLT,MLT,MLT,MLT,MLT,MLT,MLT,MLT,MLT,MLT,MLT,MLT,MLT,MLT,MLT,MLT,MLT,MLT,MLT,MLT,MLT,MLT,MLT,MLT,MLT,MLT,MLT,MLT,MLT,MLT,MLT,MLT,MLT
MMR,TWN,TWN,TWN,TWN,TWN,TWN,TWN,TWN,TWN,TWN,TWN,TWN,TWN,TWN,TWN,TWN,TWN,TWN,TWN,TWN,TWN,TWN,TWN,TWN,TWN,TWN,TWN,TWN,TWN,TWN,TWN,TWN,TWN,TWN,TWN,TWN,TWN,TWN,TWN,TWN,TWN,TWN,TWN,TWN,TWN,TWN,TWN,TWN,TWN
MYS,TWN,TWN,TWN,TWN,TWN,TWN,TWN,TWN,TWN,TWN,TWN,TWN,TWN,TWN,TWN,TWN,TWN,TWN,TWN,TWN,TWN,TWN,TWN,TWN,TWN,TWN,TWN,TWN,TWN,TWN,TWN,TWN,TWN,TWN,TWN,TWN,TWN,TWN,TWN,TWN,TWN,TWN,TWN,TWN,TWN,TWN,TWN,TWN,TWN
NGA,ESP,ESP,ESP,ESP,ESP,ESP,ESP,ESP,ESP,ESP,ESP,ESP,ESP,ESP,ESP,ESP,ESP,ESP,ESP,ESP,ESP,ESP,ESP,ESP,ESP,ESP,ESP,ESP,ESP,ESP,ESP,ESP,ESP,ESP,ESP,ESP,ESP,ESP,ESP,ESP,ESP,ESP,ESP,ESP,ESP,ESP,ESP,ESP,ESP
NLD,NLD,NLD,NLD,,NLD,,NLD,NLD,NLD,NLD,NLD,NLD,NLD,NLD,NLD,NLD,NLD,NLD,NLD,NLD,NLD,NLD,NLD,NLD,NLD,NLD,NLD,NLD,NLD,NLD,NLD,NLD,NLD,NLD,NLD,NLD,NLD,NLD,NLD,NLD,NLD,NLD,NLD,NLD,NLD,NLD,NLD,NLD,NLD
NOR,SWE,SWE,SWE,SWE,SWE,SWE,SWE,SWE,SWE,SWE,SWE,SWE,SWE,SWE,SWE,SWE,SWE,SWE,SWE,SWE,SWE,SWE,SWE,SWE,SWE,SWE,SWE,SWE,SWE,SWE,SWE,SWE,SWE,SWE,SWE,SWE,SWE,SWE,SWE,SWE,SWE,SWE,SWE,SWE,SWE,SWE,SWE,SWE,SWE
NZL,AUS,AUS,AUS,AUS,AUS,AUS,AUS,AUS,AUS,AUS,AUS,AUS,AUS,AUS,AUS,AUS,AUS,AUS,AUS,AUS,AUS,AUS,AUS,AUS,AUS,AUS,AUS,AUS,AUS,AUS,AUS,AUS,AUS,AUS,AUS,AUS,AUS,AUS,AUS,AUS,AUS,AUS,AUS,AUS,AUS,AUS,AUS,AUS,AUS
PAK,PAK,PAK,PAK,PAK,PAK,PAK,PAK,PAK,PAK,PAK,PAK,PAK,PAK,PAK,PAK,PAK,PAK,PAK,PAK,PAK,PAK,PAK,PAK,PAK,PAK,PAK,PAK,PAK,PAK,PAK,PAK,PAK,PAK,PAK,PAK,PAK,PAK,PAK,PAK,PAK,PAK,PAK,PAK,PAK,PAK,PAK,PAK,PAK,PAK
PER,COL,COL,COL,COL,COL,COL,COL,COL,COL,COL,COL,COL,COL,COL,COL,COL,COL,COL,COL,COL,COL,COL,COL,COL,COL,COL,COL,COL,COL,COL,COL,COL,COL,COL,COL,COL,COL,COL,COL,COL,COL,COL,COL,COL,COL,COL,COL,COL,COL
PHL,TWN,TWN,TWN,TWN,TWN,TWN,TWN,TWN,TWN,TWN,TWN,TWN,TWN,TWN,TWN,TWN,TWN,TWN,TWN,TWN,TWN,TWN,TWN,TWN,TWN,TWN,TWN,TWN,TWN,TWN,TWN,TWN,TWN,TWN,TWN,TWN,TWN,TWN,TWN,TWN,TWN,TWN,TWN,TWN,TWN,TWN,TWN,TWN,TWN
POL,POL,POL,POL,POL,POL,POL,POL,POL,POL,POL,POL,POL,POL,POL,POL,POL,POL,POL,DEU,POL,POL,POL,POL,POL,POL,POL,POL,POL,POL,POL,POL,POL,POL,POL,POL,POL,POL,POL,POL,POL,POL,POL,POL,POL,POL,POL,POL,POL,POL
PRT,ESP,ESP,ESP,,,ESP,ESP,ESP,ESP,ESP,ESP,ESP,ESP,ESP,ESP,ESP,ESP,ESP,ESP,ESP,ESP,ESP,ESP,ESP,ESP,ESP,ESP,ESP,ESP,ESP,ESP,ESP,ESP,ESP,ESP,ESP,ESP,ESP,ESP,ESP,ESP,ESP,ESP,ESP,ESP,ESP,ESP,ESP,ESP
ROU,GRC,GRC,GRC,GRC,GRC,GRC,GRC,GRC,GRC,GRC,GRC,GRC,GRC,GRC,GRC,GRC,GRC,GRC,GRC,GRC,GRC,GRC,GRC,GRC,GRC,GRC,GRC,GRC,GRC,GRC,GRC,GRC,GRC,GRC,GRC,DEU,GRC,GRC,GRC,GRC,GRC,GRC,GRC,GRC,GRC,GRC,GRC,GRC,GRC
RUS,POL,POL,POL,POL,POL,POL,POL,POL,POL,POL,POL,POL,POL,POL,POL,POL,POL,POL,POL,POL,POL,POL,POL,POL,POL,POL,POL,POL,POL,POL,POL,POL,POL,POL,POL,POL,POL,POL,POL,POL,POL,POL,POL,POL,POL,POL,POL,POL,POL
SAU,KOR,KOR,KOR,,KOR,KOR,KOR,KOR,KOR,KOR,KOR,KOR,KOR,KOR,KOR,KOR,KOR,KOR,KOR,KOR,KOR,KOR,KOR,KOR,KOR,KOR,KOR,KOR,KOR,KOR,KOR,KOR,KOR,KOR,KOR,KOR,KOR,KOR,KOR,KOR,KOR,KOR,KOR,KOR,KOR,KOR,KOR,KOR,KOR
SEN,ESP,ESP,ESP,ESP,ESP,ESP,ESP,ESP,ESP,ESP,ESP,ESP,ESP,ESP,ESP,ESP,ESP,ESP,FRA,ESP,ESP,ESP,ESP,ESP,ESP,ESP,ESP,ESP,ESP,ESP,ESP,ESP,ESP,ESP,ESP,ESP,ESP,ESP,ESP,ESP,ESP,ESP,ESP,ESP,ESP,ESP,ESP,ESP,ESP
SGP,TWN,,TWN,,,,,,TWN,TWN,TWN,TWN,TWN,TWN,TWN,TWN,TWN,TWN,TWN,TWN,TWN,TWN,TWN,TWN,TWN,TWN,TWN,TWN,TWN,TWN,TWN,TWN,TWN,TWN,TWN,TWN,TWN,TWN,TWN,TWN,TWN,TWN,TWN,TWN,TWN,TWN,TWN,TWN,TWN
STP,ESP,ESP,ESP,ESP,ESP,ESP,ESP,ESP,ESP,ESP,ESP,ESP,ESP,ESP,ESP,ESP,ESP,ESP,ESP,ESP,ESP,ESP,ESP,ESP,ESP,ESP,ESP,ESP,ESP,ESP,ESP,ESP,ESP,ESP,ESP,ESP,ESP,ESP,ESP,ESP,ESP,ESP,ESP,ESP,ESP,ESP,ESP,ESP,ESP
SVK,DEU,DEU,DEU,DEU,DEU,DEU,DEU,DEU,DEU,DEU,DEU,DEU,DEU,DEU,DEU,DEU,DEU,DEU,DEU,DEU,DEU,DEU,DEU,DEU,DEU,DEU,DEU,DEU,DEU,DEU,DEU,DEU,DEU,DEU,DEU,DEU,DEU,DEU,DEU,DEU,DEU,DEU,DEU,DEU,DEU,DEU,DEU,DEU,DEU
SVN,DEU,DEU,DEU,DEU,,DEU,DEU,DEU,DEU,DEU,DEU,DEU,DEU,DEU,DEU,DEU,DEU,DEU,DEU,DEU,DEU,DEU,DEU,DEU,DEU,DEU,DEU,DEU,DEU,DEU,DEU,DEU,DEU,DEU,DEU,DEU,DEU,DEU,DEU,DEU,DEU,DEU,DEU,DEU,DEU,DEU,DEU,DEU,DEU
SWE,SWE,SWE,SWE,SWE,SWE,SWE,SWE,SWE,SWE,SWE,SWE,SWE,SWE,SWE,SWE,SWE,SWE,SWE,SWE,SWE,SWE,SWE,SWE,SWE,SWE,SWE,SWE,SWE,SWE,SWE,SWE,SWE,SWE,SWE,SWE,SWE,SWE,SWE,SWE,SWE,SWE,SWE,SWE,SWE,SWE,SWE,SWE,SWE,SWE
THA,TWN,TWN,TWN,TWN,TWN,TWN,TWN,TWN,TWN,TWN,TWN,TWN,TWN,TWN,TWN,TWN,TWN,TWN,TWN,TWN,TWN,TWN,TWN,TWN,TWN,TWN,TWN,TWN,TWN,TWN,TWN,TWN,TWN,TWN,TWN,TWN,TWN,TWN,TWN,TWN,TWN,TWN,TWN,TWN,TWN,TWN,TWN,TWN,TWN
TUN,FRA,FRA,FRA,FRA,FRA,FRA,FRA,FRA,FRA,FRA,FRA,FRA,FRA,FRA,FRA,FRA,FRA,FRA,FRA,FRA,FRA,FRA,FRA,FRA,FRA,FRA,FRA,FRA,FRA,FRA,FRA,FRA,FRA,FRA,FRA,FRA,FRA,FRA,FRA,FRA,FRA,FRA,FRA,FRA,FRA,FRA,FRA,FRA,FRA
TUR,TUR,TUR,TUR,TUR,TUR,TUR,TUR,TUR,TUR,TUR,TUR,TUR,TUR,TUR,TUR,TUR,TUR,TUR,TUR,TUR,TUR,TUR,TUR,TUR,TUR,TUR,TUR,TUR,TUR,TUR,TUR,TUR,TUR,TUR,TUR,TUR,TUR,TUR,TUR,TUR,TUR,TUR,TUR,TUR,TUR,TUR,TUR,TUR,TUR
TWN,TWN,TWN,TWN,TWN,TWN,TWN,TWN,TWN,TWN,TWN,TWN,TWN,TWN,TWN,TWN,TWN,TWN,TWN,TWN,TWN,TWN,TWN,TWN,TWN,TWN,TWN,TWN,TWN,TWN,TWN,TWN,TWN,TWN,TWN,TWN,TWN,TWN,TWN,TWN,TWN,TWN,TWN,TWN,TWN,TWN,TWN,TWN,TWN,TWN
UKR,POL,POL,POL,POL,POL,POL,POL,POL,POL,POL,POL,POL,POL,POL,POL,POL,POL,POL,POL,POL,POL,POL,POL,POL,POL,POL,POL,POL,POL,POL,POL,POL,POL,POL,POL,POL,POL,POL,POL,POL,POL,POL,POL,POL,POL,POL,POL,POL,POL
USA,USA,USA,USA,USA,USA,USA,USA,USA,USA,USA,USA,USA,USA,USA,USA,USA,USA,USA,USA,USA,USA,USA,USA,USA,USA,USA,USA,USA,USA,USA,USA,USA,USA,USA,USA,USA,USA,USA,USA,USA,USA,USA,USA,USA,USA,USA,USA,USA,USA
VNM,TWN,TWN,TWN,TWN,TWN,TWN,TWN,TWN,TWN,TWN,TWN,TWN,TWN,TWN,TWN,TWN,TWN,TWN,TWN,TWN,TWN,TWN,TWN,TWN,TWN,TWN,TWN,TWN,TWN,TWN,TWN,TWN,TWN,TWN,TWN,HKG,TWN,TWN,TWN,TWN,TWN,TWN,TWN,TWN,TWN,TWN,TWN,TWN,TWN
ZAF,ZAF,ZAF,ZAF,ZAF,ZAF,ZAF,ZAF,ZAF,ZAF,ZAF,ZAF,ZAF,ZAF,ZAF,ZAF,ZAF,ZAF,ZAF,ZAF,ZAF,ZAF,ZAF,ZAF,ZAF,ZAF,ZAF,ZAF,ZAF,ZAF,ZAF,ZAF,ZAF,ZAF,ZAF,ZAF,ZAF,ZAF,ZAF,ZAF,ZAF,ZAF,ZAF,ZAF,ZAF,ZAF,ZAF,ZAF,ZAF,ZAF
